{
    "bleu": 0.013817166588243673,
    "rouge1": 0.10847765803238249,
    "rouge2": 0.019487500442832564,
    "rougel": 0.09966526671838911,
    "inference_time": 0.5280598513839307,
    "total params": 221527040
}