{
    "bleu": 0.022556680153635603,
    "rouge1": 0.17302958800679932,
    "rouge2": 0.04612496910071613,
    "rougel": 0.15790563371624242,
    "inference_time": 1.6842067461634587,
    "total params": 406290432
}