{
    "bleu": 0.006659194715492829,
    "rouge1": 0.199999995689796,
    "rouge2": 0.023529407518339866,
    "rougel": 0.199999995689796,
    "inference_time": 10.606464624404907,
    "total params": 153654873
}