{
    "bleu": 0.13389596802521914,
    "rouge1": 0.42955616287568765,
    "rouge2": 0.21330377577540094,
    "rougel": 0.37040147650179134,
    "inference_time": 9.34788375377655,
    "total params": 406290432
}