{
    "bleu": 0.09341229234117153,
    "rouge1": 0.37835248068878885,
    "rouge2": 0.1716572186482241,
    "rougel": 0.3224716524762584,
    "inference_time": 1.9495940732955932,
    "total params": 221527040
}