{
    "bleu": 0.11555736861558295,
    "rouge1": 0.35466960290266564,
    "rouge2": 0.17581071437072074,
    "rougel": 0.3342276779185551,
    "inference_time": 2.1261094069859725,
    "total params": 455263414
}