{
    "bleu": 0.12040119691863609,
    "rouge1": 0.594594590036523,
    "rouge2": 0.302325577087615,
    "rougel": 0.594594590036523,
    "inference_time": 21.815276622772217,
    "total params": 406290432
}