{
    "bleu": 0.06994732695137257,
    "rouge1": 0.3539709533482157,
    "rouge2": 0.14466259725152197,
    "rougel": 0.30241118017193186,
    "inference_time": 6.739464951753616,
    "total params": 737668096
}