{
    "bleu": 0.08104845779520672,
    "rouge1": 0.30677411786427927,
    "rouge2": 0.1359063880752938,
    "rougel": 0.29042004618824724,
    "inference_time": 0.9606480927176503,
    "total params": 0
}