{
    "bleu": 0.07439142430065723,
    "rouge1": 0.31948794668006303,
    "rouge2": 0.13618912898876612,
    "rougel": 0.27827229916960083,
    "inference_time": 10.698311918973923,
    "total params": 406290432
}