{
    "bleu": 0.0011120761202100646,
    "rouge1": 0.12499999625000012,
    "rouge2": 0.0,
    "rougel": 0.062499996250000224,
    "inference_time": 4.277098655700684,
    "total params": 221527040
}