{
    "bleu": 0.030089378385406006,
    "rouge1": 0.24294403146633972,
    "rouge2": 0.06193431553782278,
    "rougel": 0.19934403719549987,
    "inference_time": 1.184754136800766,
    "total params": 60506624
}