{
    "bleu": 0.004773675643376244,
    "rouge1": 0.2686567123546448,
    "rouge2": 0.07692307323800149,
    "rougel": 0.17910447354867462,
    "inference_time": 24.599472045898438,
    "total params": 569748480
}