{
    "bleu": 0.3457892035108622,
    "rouge1": 0.5333333284222223,
    "rouge2": 0.4285714236734694,
    "rougel": 0.5333333284222223,
    "inference_time": 22.548223733901978,
    "total params": 569748480
}