{
    "bleu": 0.1457684614972261,
    "rouge1": 0.44444443945987655,
    "rouge2": 0.17647058325259532,
    "rougel": 0.3333333283487655,
    "inference_time": 5.974515199661255,
    "total params": 153654873
}