{
    "bleu": 0.052801261846661854,
    "rouge1": 0.278591556923052,
    "rouge2": 0.1160423759607095,
    "rougel": 0.25366653396936123,
    "inference_time": 3.226041940589369,
    "total params": 568962048
}