{
    "bleu": 0.012232963595666802,
    "rouge1": 0.10657307241961948,
    "rouge2": 0.01920285382737584,
    "rougel": 0.09794539123807343,
    "inference_time": 1.6977064506876842,
    "total params": 406290432
}