{
    "bleu": 0.00875395300723047,
    "rouge1": 0.2903225771488034,
    "rouge2": 0.11111110815200625,
    "rougel": 0.2903225771488034,
    "inference_time": 1.0549895763397217,
    "total params": 60506624
}