{
    "bleu": 0.018798317647335087,
    "rouge1": 0.31578946936288094,
    "rouge2": 0.0,
    "rougel": 0.31578946936288094,
    "inference_time": 5.805688858032227,
    "total params": 60506624
}