{
    "bleu": 0.09130721716162848,
    "rouge1": 0.4864864819284149,
    "rouge2": 0.23529411340069212,
    "rougel": 0.45945945490138795,
    "inference_time": 19.743837118148804,
    "total params": 406290432
}