{
    "bleu": 0.0014873353476597096,
    "rouge1": 0.19672130812147276,
    "rouge2": 0.027777774818673155,
    "rougel": 0.19672130812147276,
    "inference_time": 10.068762302398682,
    "total params": 737668096
}